min salary,max salary,company_name1,Average salary
₹456K,"₹11,789K",Delhivery,"₹ 12,81,419"
₹420K,"₹1,636K",Ericsson-Worldwide,"₹ 7,52,052"
₹585K,"₹2,200K",Accenture,"₹ 9,98,925"
₹336K,"₹1,024K",Tata Consultancy Services,"₹ 6,02,000"
₹595K,"₹2,769K",IBM,"₹ 7,71,657"
₹727K,"₹1,597K",UnitedHealth Group,"₹ 12,22,902"
₹509K,"₹1,168K",Valiance Solutions,"₹ 7,91,015"
₹629K,"₹1,719K",Innovaccer,"₹ 12,15,138"
₹804K,"₹1,281K",Cognizant Technology Solutions,"₹ 10,21,889"
₹205K,"₹1,835K",ZS Associates,"₹ 10,00,000"
