Job Title,Price
"MSI GF63 Thin Core i7 9th Gen - (8 GB/512 GB SSD/Windows 10 Home/4 GB Graphics/NVIDIA Geforce GTX 1650 Ti with Max-Q) GF63 Thin 9SCSR-1039IN Gaming Laptop (15.6 inch, Black, 1.86 kg)","70,990"
"(Renewed) Dell Latitude E7470 14-inch Laptop (Core i7 6th Gen/8GB(Up to 16)/500 GB HDD/Windows 10/MS Office Pro 2019/Intel Graphics), Black","52,699"
(Renewed) Lenovo ThinkPad High Performance 12.5 inch IPS Panel 1.53 kg Laptop (Core I7 5600U/8 GB(Upto 16GB)/500 GB/Win 10 Pro/Webcam/USB 3.0/SIM/BT/M.2/Cardreader/TPM 2.0 VPro/Integrated Graphics),"35,999"
"Lenovo Yoga S740 Intel Core i7 10th Gen 14 inch UHD Ultra Thin and Light Laptop (16GB/1TB SSD/Windows/Office/NVIDIA MX250 2GB/Iron Grey/1.4Kg), 81RS00B0IN","96,450"
"Lenovo IdeaPad Gaming 3i 10th Gen Intel Core i7 15.6-inch FHD IPS Gaming Laptop (8GB/1TB HDD + 256 GB SSD/Windows 10/NVIDIA GTX 1650 4GB GDDR6/with M100 RGB Gaming Mouse/Onyx Black/2.2Kg), 81Y400VAIN","74,990"
"MSI Gaming GL65 Leopard , Intel 9th Gen. i7-9750H, 15.6"" FHD Gaming Laptop (8GB/512GB NVMe SSD/Windows 10 Home/Nvidia GTX 1650/ Black/2.3Kg) 9SCXK-076IN","74,990"
"HP Pavilion x360 Touchscreen 2-in-1 FHD 14-inch Laptop (10th Gen Core i7-10510U/8GB/512GB SSD/Windows 10 Home/MS Office/Mineral Silver/1.58 kg), 14-dh1180tu","88,990"
"Asus ROG Strix G15 (2020) Core i7 10th Gen - (16 GB/512 GB SSD/Windows 10 Home/4 GB Graphics/NVIDIA Geforce GTX 1650 Ti/144 Hz) G512LI-HN057T Gaming Laptop (15.6 inch, Black Plastic, 2.30 kg)","54,399"
"(Renewed) Dell Latitude E7470 14-inch Laptop (Core i7 6th Gen/16GB/500 GB HDD/Windows 10/MS Office Pro 2019/Intel Graphics), Black","2,68,329"
"ASUS ZenBook Pro Duo Intel Core i9-10980HK 10th Gen 15.6"" 4K UHD OLED Touchscreen Laptop (32GB RAM/1TB NVMe SSD/Windows 10/6GB NVIDIA GeForce RTX 2060 Graphics/Celestial Blue/2.5 Kg), UX581LV-H2035T","54,899"
