Job Titles,Company Name,Experience
Senior Auditor - Data Science,Snowflake,₹576K - ₹939K (Glassdoor Est.)
Data Engineer,"Coupa Software, Inc.",₹677K - ₹984K (Glassdoor Est.)
Data Scientist,Hitachi,₹691K - ₹835K (Glassdoor Est.)
Associate Decision Scientist,Western Union,₹466K - ₹759K (Glassdoor Est.)
Data Scientist,ADCI PNQ 13 SEZ,₹274K - ₹650K (Glassdoor Est.)
Data Scientist,Talentica Software India,₹274K - ₹650K (Glassdoor Est.)
Data Scientist,RedBixBite Pvt Ltd,₹420K - ₹700K (Glassdoor Est.)
Data Scientist,Reverenc Technologies Pvt Ltd,₹281K - ₹626K (Glassdoor Est.)
Data Scientist,amdocs,₹281K - ₹626K (Glassdoor Est.)
Data Scientist,Banctec Tps India Private Limited,₹300K - ₹575K (Glassdoor Est.)
