brand,Description,Price
Nike,Men JORDAN ZOOM '92 Shoes,Rs. 13495
Nike,Men Zoom Running Shoes,Rs. 6399Rs. 7995(Rs. 1596 OFF)
Geox,Men Leather Sneakers,Rs. 6294Rs. 10490(40% OFF)
Nike,Men JORDAN DELTA Basketball,Rs. 12495
Nike,Men JORDAN ZOOM '92 Shoes,Rs. 13495
Cole Haan,Men ZEROGRAND GLOBAL SLIP ON,Rs. 14999Rs. 19999(25% OFF)
Nike,Men Solid SKYVE MAX Sneakers,Rs. 6599Rs. 9295(Rs. 2696 OFF)
Nike,PEGASUS FLYEASE Running Shoes,Rs. 7999Rs. 9995(Rs. 1996 OFF)
Nike,Men React Infinity Running,Rs. 11099Rs. 15495(Rs. 4396 OFF)
Nike,Men REACT PHANTOM Running,Rs. 7799Rs. 11995(Rs. 4196 OFF)
Geox,Men Leather Formal Monks,Rs. 9599Rs. 15999(40% OFF)
Nike,Men JORDAN DELTA Sneakers,Rs. 10995
ADIDAS Originals,Men ZX 2K Boost Solid Sneakers,Rs. 11899Rs. 13999(Rs. 2100 OFF)
Nike,Men JOYRIDE Running Shoes,Rs. 11996Rs. 14995(20% OFF)
Cole Haan,Women Leather Loafers,Rs. 6499Rs. 12999(50% OFF)
ADIDAS,Solar Drive 19 Running Shoes,Rs. 9199Rs. 11999(Rs. 2800 OFF)
Nike,Women REACT Running Shoes,Rs. 7999Rs. 11995(Rs. 3996 OFF)
Nike,Women AIR ZOOM Running Shoes,Rs. 7699Rs. 9995(Rs. 2296 OFF)
ADIDAS Originals,Men Nite Jogger Fluid Sneakers,Rs. 9299Rs. 12999(Rs. 3700 OFF)
ADIDAS Originals,Men Ozweego Sneakers,Rs. 9299Rs. 10999(Rs. 1700 OFF)
Nike,AIR ZOOM PEGASUS Running Shoes,Rs. 11495
Nike,Men KD13 EP Basketball Shoes,Rs. 12995
Skechers,Men Running Shoes,Rs. 6499
Cole Haan,Men Textured Brogues,Rs. 15999
Geox,Men Leather Formal Derbys,Rs. 7794Rs. 12990(40% OFF)
ALDO,Women Solid Sneakers,Rs. 7199Rs. 11999(40% OFF)
Geox,Women Slip-On Sneakers,Rs. 8499
ADIDAS Originals,Men Nite Jogger Shoes,Rs. 11499Rs. 13999(Rs. 2500 OFF)
ALDO,Men Leather Loafers,Rs. 7799Rs. 12999(40% OFF)
Kenneth Cole,Men Solid Formal Genuine Leather Derbys,Rs. 6153Rs. 8790(30% OFF)
ADIDAS,Men Alphatorsion Running Shoes,Rs. 7199Rs. 9999(Rs. 2800 OFF)
Cole Haan,Men Textured Derbys,Rs. 14999
ADIDAS Originals,Men NMD R1 Sneakers,Rs. 10999Rs. 12999(Rs. 2000 OFF)
Nike,Women AIR MAX VERONA Sneakers,Rs. 7699Rs. 9995(Rs. 2296 OFF)
Geox,Leather Mid-Top Chelsea Boots,Rs. 8999Rs. 11999(25% OFF)
UNDER ARMOUR,Men HOVR Sonic 3 Running Shoes,Rs. 10999
Geox,Women Leather Flatform Boots,Rs. 8249Rs. 10999(25% OFF)
Cole Haan,Women Woven Design Sneakers,Rs. 7499Rs. 14999(50% OFF)
Cole Haan,Women Leather Open Toe Flats,Rs. 6499Rs. 12999(50% OFF)
Cole Haan,Men Formal Leather Brogues,Rs. 14999Rs. 19999(25% OFF)
Cole Haan,Men Leather Formal Derby Shoes,Rs. 14999Rs. 19999(25% OFF)
Cole Haan,Women Woven Design Slip-On Sneakers,Rs. 7499Rs. 14999(50% OFF)
Nike,Women FREE RN 5.0 Shoes,Rs. 5999Rs. 7995(Rs. 1996 OFF)
Nike,Men DBREAK-TYPE Sneakers,Rs. 6399Rs. 7995(Rs. 1596 OFF)
ALDO,Women Heeled Boots,Rs. 8999Rs. 14999(40% OFF)
Geox,Men Leather Formal Slip-Ons,Rs. 14990
UNDER ARMOUR,Men Charged Impulse Knit,Rs. 8999
Geox,Men Leather Formal Oxfords,Rs. 10490
UNDER ARMOUR,Charged Bandit 5 Running Shoes,Rs. 7999
Geox,Men Leather Driving Shoes,Rs. 9999
Cole Haan,Women Leather Open Toe Flats,Rs. 5999Rs. 11999(50% OFF)
Kenneth Cole,Men Solid Leather Formal Derbys,Rs. 6293Rs. 8990(30% OFF)
Cole Haan,,Rs. 11999Rs. 15999(25% OFF)
Cole Haan,Women Open Toe Flats,Rs. 8999Rs. 11999(25% OFF)
Cole Haan,Leather Sneakers,Rs. 8249Rs. 10999(25% OFF)
Geox,Women Leather Flat Boots,Rs. 9749Rs. 12999(25% OFF)
Cole Haan,Men Traveller Leather Penny Loafers,Rs. 9999Rs. 19999(50% OFF)
Cole Haan,Men Wingtip Oxford Sneakers,Rs. 9749Rs. 12999(25% OFF)
ADIDAS Originals,Men NMD R1 Sneakers,Rs. 10999Rs. 12999(Rs. 2000 OFF)
ALDO,Women Woven Design Sneakers,Rs. 12999
Geox,Men Leather Sneakers,Rs. 6294Rs. 10490(40% OFF)
UNDER ARMOUR,Men Charged Impulse Knit,Rs. 8999
Cole Haan,Men ZEROGRAND GLOBAL SLIP ON,Rs. 14999Rs. 19999(25% OFF)
UNDER ARMOUR,Charged Bandit 5 Running Shoes,Rs. 7999
Cole Haan,Women Leather Sneakers,Rs. 8249Rs. 10999(25% OFF)
Cole Haan,Women Solid Leather Ballerinas,Rs. 10499Rs. 13999(25% OFF)
UNDER ARMOUR,HOVR Sonic 3 Running Shoes,Rs. 10999
ADIDAS Originals,Men Nite Jogger Fluid Sneakers,Rs. 9299Rs. 12999(Rs. 3700 OFF)
Cole Haan,Women ZeroGrand All Day Stitchlite Runner Sneakers,Rs. 7999Rs. 15999(50% OFF)
ADIDAS Originals,Men Ozweego Sneakers,Rs. 9299Rs. 10999(Rs. 1700 OFF)
Geox,Men Leather Formal Monks,Rs. 9599Rs. 15999(40% OFF)
Vans,Unisex Solid Sneakers,Rs. 7499
Cole Haan,Men Textured Brogues,Rs. 15999
Cole Haan,Women Leather Loafers,Rs. 6499Rs. 12999(50% OFF)
Cole Haan,Men Textured Derbys,Rs. 14999
UNDER ARMOUR,Charged Impulse Running Shoes,Rs. 7999
Geox,Men Leather Formal Derbys,Rs. 7794Rs. 12990(40% OFF)
UNDER ARMOUR,Men Liquify Running Shoes,Rs. 10999
Geox,Leather Mid-Top Chelsea Boots,Rs. 8999Rs. 11999(25% OFF)
Kenneth Cole,Men Solid Formal Genuine Leather Derbys,Rs. 6153Rs. 8790(30% OFF)
Cole Haan,Women Woven Design Sneakers,Rs. 7499Rs. 14999(50% OFF)
Cole Haan,Women Leather Open Toe Flats,Rs. 6499Rs. 12999(50% OFF)
Xtep,Men Running Shoes,Rs. 9349Rs. 10999(15% OFF)
UNDER ARMOUR,Men Charged Escape 3 Running,Rs. 8999
Cole Haan,Women Woven Design Slip-On Sneakers,Rs. 7499Rs. 14999(50% OFF)
ALDO,Women Solid Sneakers,Rs. 7199Rs. 11999(40% OFF)
DOROTHY PERKINS,Women High-Top Flat Boots,Rs. 7590
Geox,Women Slip-On Sneakers,Rs. 8499
Tommy Hilfiger,CHUNKY TECH Leather Sneakers,Rs. 7199Rs. 8999(20% OFF)
Ruosh,Men Leather Slip-On Shoes,Rs. 6990
Cole Haan,Men Formal Leather Brogues,Rs. 14999Rs. 19999(25% OFF)
Ruosh,Men Solid Leather Formal Monks,Rs. 6990
Geox,Women Leather Flatform Boots,Rs. 8249Rs. 10999(25% OFF)
Xtep,Men Running Shoes,Rs. 6999
CHARLES & KEITH,Women Sandals,Rs. 5999
Cole Haan,Men Leather Formal Derby Shoes,Rs. 14999Rs. 19999(25% OFF)
Tommy Hilfiger,Men Solid TS Sport 2 Sneakers,Rs. 6079Rs. 7599(20% OFF)
Puma,Men Running Shoes,Rs. 6499
Puma,Men Hydra Running Shoes,Rs. 6199Rs. 8999(Rs. 2800 OFF)
Xtep,Men Colourblocked Running Shoes,Rs. 5999
